{
    "Airmass": 1.6057173328627092,
    "Alt": 38.4524352450121,
    "Azi": 154.65772349698898,
    "DEC_raw": -67.00673685600363,
    "DEC_raw2": -67.00673685600363,
    "DEC_raw3": -67.00673685600363,
    "DEC_raw4": -67.00673685600363,
    "DEC_raw5": -67.00673685600363,
    "Dec": -67.01106664776626,
    "Dec_ICRS": -67.02661297788366,
    "Dec_rollover": False,
    "DomeLights": False,
    "Dome_auto": False,
    "Dome_az": 0.0,
    "Dome_az_rq": 151.17740349544323,
    "Enable_Req": False,
    "Enc_Dec1": 0,
    "Enc_Dec1_status": 2,
    "Enc_Dec2": 0,
    "Enc_Dec2_status": 2,
    "Enc_HA1": 0,
    "Enc_HA1_status": 2,
    "Enc_HA2": 0,
    "Enc_HA2_status": 2,
    "FocusMoving": False,
    "FocusPos": 0,
    "Gear": 0,
    "HA": -59.14205285698641,
    "HA_raw": -59.10486044786166,
    "HA_raw2": -59.10486044786166,
    "HA_raw3": -59.10486044786166,
    "HA_raw4": -59.10486044786166,
    "HA_raw5": -59.10486044786166,
    "HardFault": False,
    "HardLimits": 0,
    "Init_done": False,
    "JD": 2460944.2940792236,
    "Keypad": True,
    "LERA": 219.68863873258726,
    "LST": 220.01915938908456,
    "LocalControl": False,
    "Platformdown": False,
    "Power_ON": False,
    "RA": 278.8306915895737,
    "RA_ICRS": 278.4940160412811,
    "Refraction": 0.01515843934503274,
    "Slewing": False,
    "Tpoint": True,
    "Tracking": False,
    "Tube_Fans": False,
    "UT": 19.057901368611113
}