{
    "Airmass": 13.37481353441951,
    "Alt": -37.642983492891766,
    "Azi": 80.50072296760477,
    "DEC_raw": -7.669614038788538,
    "DEC_raw2": -7.669614038788538,
    "DEC_raw3": -7.669614038788538,
    "DEC_raw4": -7.669614038788538,
    "DEC_raw5": -7.669614038788538,
    "Dec": 23.655126134596188,
    "Dec_ICRS": 23.547692143028126,
    "Dec_rollover": false,
    "DomeLights": false,
    "Dome_auto": false,
    "Dome_az": 0.0,
    "Dome_az_rq": 85.6893687297531,
    "Dome_is_in_sync_with_tel": false,
    "Dome_is_slewing": false,
    "Dome_shutter_is_open": false,
    "Enable_Req": false,
    "Enc_Dec1": 0,
    "Enc_Dec1_status": 2,
    "Enc_Dec2": 0,
    "Enc_Dec2_status": 2,
    "Enc_HA1": 0,
    "Enc_HA1_status": 2,
    "Enc_HA2": 0,
    "Enc_HA2_status": 2,
    "FocusMoving": false,
    "FocusPos": 20042,
    "Gear": 0,
    "HA": -119.2664277631876,
    "HA_raw": 21.90949195619183,
    "HA_raw2": 21.90949195619183,
    "HA_raw3": 21.90949195619183,
    "HA_raw4": 21.90949195619183,
    "HA_raw5": 21.90949195619183,
    "HardFault": false,
    "HardLimits": 0,
    "Init_done": false,
    "JD": 2460998.326176115,
    "Keypad": false,
    "LERA": 284.4982182176313,
    "LST": 284.83059139344795,
    "LocalControl": false,
    "OBJ_Dec": -28.943804168328196,
    "OBJ_Dec_ICRS": -29.086999920072333,
    "OBJ_Name": "Noname",
    "OBJ_RA": 1.0260392190626344,
    "OBJ_RA_ICRS": 1.0230001871854062,
    "Platformdown": false,
    "Power_ON": false,
    "RA": 43.76464598081889,
    "RA_ICRS": 43.71572800740415,
    "Refraction": -1.7552626567337635,
    "Slewing": false,
    "Temperature1": 0.0,
    "Temperature2": 0.0,
    "Tpoint": false,
    "Tracking": false,
    "Tube_Fans": false,
    "UT": 19.828226757777777,
    "Windscreen_position": -1.0
}